<?xml version="1.0" encoding="UTF-8"?>
<beans xmlns="http://www.springframework.org/schema/beans"
	xmlns:xsi="http://www.w3.org/2001/XMLSchema-instance"
	xmlns:security="http://www.springframework.org/schema/security"
	xsi:schemaLocation="http://www.springframework.org/schema/security
	 http://www.springframework.org/schema/security/spring-security.xsd
	 http://www.springframework.org/schema/beans http://www.springframework.org/schema/beans/spring-beans.xsd">


<bean id= "customAccessDenied" class="com.company.security.CustomAccessDeniedHandler"></bean>
<bean id= "customLoginSuccess" class="com.company.security.CustomLoginSuccessHandler"></bean>

<bean id= "bcryptPasswordEncoder" class="org.springframework.security.crypto.bcrypt.BCryptPasswordEncoder"></bean>

<bean id= "customUserDetailsService" class="com.company.security.CustomUserDetailsService"></bean>
	
	<security:http>
	
		<security:intercept-url pattern="/sample/all" access="permitAll" />
		
		<security:intercept-url pattern="/sample/member"
			access="hasRole('ROLE_MEMBER')" />
		
		<security:intercept-url pattern="/sample/admin"
			access="hasRole('ROLE_ADMIN')" />

		<security:access-denied-handler ref="customAccessDenied" />
		
		<security:form-login login-page="/customLogin" 
			authentication-success-handler-ref="customLoginSuccess" />
		
		<security:remember-me 
		data-source-ref="dataSource" token-validity-seconds="604800" />
		
		<security:logout logout-url="/customLogout"  invalidate-session="true" delete-cookies="remember-me,JESSION_ID" />
		
<!-- 		<security:csrf disabled="true"/>  -->
		
	</security:http>
	

	<security:authentication-manager>
	
		<security:authentication-provider 
		user-service-ref="customUserDetailsService">
		 	<security:password-encoder
		 	ref="bcryptPasswordEncoder" />
		 	
		</security:authentication-provider>
	</security:authentication-manager>
</beans>